{"account" : "20318290001","metrics" : {"bytes_stored" : {"series" : {"values" : [0,0],"start" : 1357689600000,"step" : 86400000,"type" : "time"}},"bytes_in" : {"series" : {"values" : [0,0,0,0,0,0,0,0,0,0,7346996,0,0],"start" : 1357740000000,"step" : 3600000,"type" : "time"}},"video_impression" : {"series" : {"values" : [73,135,74,96,101,184,115,79,118,61,45,26,65],"start" : 1357740000000,"step" : 3600000,"type" : "time"},"alltime" : 289318},"active_media" : {"series" : {"values" : [148,149],"start" : 1357689600000,"step" : 86400000,"type" : "time"}},"bytes_player" : {"series" : {"values" : [0,0,0,0,0,0,0,0,0,0,160000000,0,0],"start" : 1357740000000,"step" : 3600000,"type" : "time"}},"video_percent_viewed" : {"series" : {"values" : [989.968559487138,3904.02470620416,1129.8510741782404,1661.1748421171305,3108.3458455128243,6338.918090625743,1641.8636978700388,569.1164779050861,1446.787564592668,883.2725377953585,920.2211538492667,833.5145951833184,1152.7269313522513],"start" : 1357740000000,"step" : 3600000,"type" : "time"},"alltime" : 4101463.512587961},"bytes_overhead" : {"series" : {"values" : [0,0,0,0,0,0,0,0,0,0,441458149,0,0],"start" : 1357740000000,"step" : 3600000,"type" : "time"}},"video_engagement" : {"series" : {"values" : [840.1528151698478,825.582705146466,804.0918282747085,787.101448274615,772.6866257821297,758.4524815593361,749.9314590967715,726.5306746782474,716.1720008169841,712.6091704306874,703.4356531009213,701.5070283455527,696.0037191050361,691.1775688038929,688.6306325357093,685.5186323912039,679.0245315745801,680.0124244525618,676.2812776155683,672.2252112376966,669.8409154954886,670.4242713690663,667.8609570305771,664.7323143899102,659.7822841107641,657.3374057235039,657.2055331076299,652.1204936937686,647.990560687092,647.8185821093373,644.431807001612,644.2730570377208,639.1429472105146,635.7928271334023,634.3194686277538,633.5721951766591,632.869774566088,632.269972916539,626.4862267182441,628.0775017694225,626.5135707238451,618.6778110288956,619.1646935179749,615.4485041436803,608.2477398011131,607.8698957138266,605.1302486689533,601.7702338345641,596.3581440201262,594.922600619195,588.7540977494484,579.5798576705943,574.0442818293918,568.5251121427591,563.7829804818925,558.7352806354704,550.3242327156133,551.1020841903194,547.5725933958827,544.50766325655,547.668558875123,544.489088139243,538.2859035155545,532.4103771698991,529.5231281701869,525.8233118954813,522.4348085023651,522.2974226398231,516.2506635527841,512.5810091622104,517.6009512715975,513.9786040759943,511.74251918039107,511.26381296148736,508.75472438544637,503.1094260459473,499.5318113259289,499.3476008460222,494.06338112773767,487.4160958456185,486.68477433499055,484.0789683599803,483.365291571174,484.2325683635288,483.815942249381,477.96686264200645,466.2989697169193,461.73321314871015,456.7596160289659,451.654134453823,444.1539182450532,438.77549861317584,433.58765916928667,419.73328720276817,404.79779415676535,385.64556561850395,359.62839039335967,321.72085334074046,268.94812977095575,195.50786078073054],"type" : "percentile"}},"video_seconds_viewed" : {"series" : {"values" : [1495,5121,1470,2473,4068,9706,2641,854,2068,1529,1476,969,1233],"start" : 1357740000000,"step" : 3600000,"type" : "time"},"alltime" : 5309575},"video_view" : {"series" : {"values" : [19,58,16,21,45,77,34,14,37,10,12,8,15],"start" : 1357740000000,"step" : 3600000,"type" : "time"},"alltime" : 70076},"bytes_out" : {"series" : {"values" : [0,0,0,0,0,0,0,0,0,0,12847543436,0,0],"start" : 1357740000000,"step" : 3600000,"type" : "time"}},"player_load" : {"series" : {"values" : [70,141,73,94,94,182,103,76,118,61,45,26,65],"start" : 1357740000000,"step" : 3600000,"type" : "time"},"alltime" : 252339}}}